{"cameraMode":{"drawMode":0,"name":"Shaded","section":"Shading Mode"},"sceneLighting":true,"audioPlay":false,"sceneViewState":{"showFog":true,"showMaterialUpdate":false,"showSkybox":true,"showFlares":true,"showImageEffects":true,"showParticleSystems":true},"in2DMode":false,"pivot":{"x":0.28765034675598147,"y":0.6081262826919556,"z":-8.599321365356446},"rotation":{"x":-0.21081410348415376,"y":0.24109697341918946,"z":-0.053739212453365329,"w":-0.9458022117614746},"size":2.0640571117401125,"orthographic":false}